ID,LAT,LON,NAME,LIBRARY_ID,LIBRARY_TYPE,MH_F,IH_F,TAS_F,SS_F,NL_F,NH_F,MH_F_size
MN00578S001,45.02201274,-95.7913865,CHIPPEWA DIVERSION DAM - WATSON SAG WEIR,4290,dam_study,False,False,True,False,False,False,0.0
PA00008,41.11224815,-75.7217298,FRANCIS E. WALTER DAM,359,dam_study,False,False,True,True,True,False,0.0
SD01095S001,46.084061,-100.63166,OAHE DAM - FORT YATES FLOOD PROTECTION PROJECT,5106,dam_study,False,False,False,True,False,True,0.0
PA00921S001,40.430882,-76.115219,BLUE MARSH DAM - BERNVILLE LEVEE,1002,dam_study,False,False,True,True,False,True,0.0
NM00002,35.46392106,-106.2084132,GALISTEO DAM,4766,dam_study,False,True,True,True,False,True,0.0
CO01283S001,38.072333,-103.129028,JOHN MARTIN DAM - FORT LYON LEVEE,1007,dam_study,True,False,True,True,False,True,0.009916
CA10016,33.89167,-117.925,BREA DAM,274,dam_study,True,False,True,True,False,False,0.03492
OH00004S002,40.65054941,-81.30093594,BOLIVAR DAM - MAGNOLIA LEVEE,243,dam_study,True,False,True,False,False,False,0.037618
CA10024,34.113331,-117.9683,SANTA FE DAM,320,dam_study,True,False,True,True,False,False,0.041952
CA10017,33.9145781,-117.8400628,CARBON CANYON DAM,309,dam_study,True,False,True,True,False,False,0.050179
OK10309S001,36.304363,-96.463931,KEYSTONE DAM - CLEVELAND LEVEE,4287,dam_study,True,False,True,True,False,False,0.055792
CA10027,34.02089743,-118.0549654,WHITTIER NARROWS DAM,104,dam_study,True,False,True,False,False,False,0.066683
KS00002S001,37.29189,-95.914999,ELK CITY DAM - ELK CITY LEVEE,1144,dam_study,True,False,True,False,False,False,0.067332
CA10114,36.4163091,-119.0032238,TERMINUS DAM,199,dam_study,True,False,True,True,True,True,0.073268
CA10113,36.06067058,-118.9193398,Richard L. Schafer Dam,98,dam_study,True,False,True,True,True,True,0.073832
NY00468,42.73329398,-77.90723181,MOUNT MORRIS DAM,316,dam_study,True,False,True,True,False,True,0.074212
CA10109,38.15104106,-120.813699,NEW HOGAN DAM,297,dam_study,True,False,True,True,True,True,0.096345
CA10025,34.16796302,-118.4717734,SEPULVEDA DAM,775,dam_study,True,False,True,True,False,False,0.111084
CA10104,37.90680141,-120.9340593,FARMINGTON DAM,260,dam_study,True,False,True,True,True,True,0.113525
CA10004,34.26046869,-118.2772704,HAINES CANYON DEBRIS DAM,1093,dam_study,True,False,True,False,False,False,0.131917
MO30204,36.93126768,-90.28052776,WAPPAPELLO DAM,348,dam_study,True,False,True,True,True,True,0.141195
MS01495,34.14995402,-89.90581196,ENID DAM,231,dam_study,True,False,True,True,True,True,0.165098
TX00017S001,31.85,-97.366669,WHITNEY DAM - KOPPERL LEVEE,778,dam_study,True,False,True,False,False,False,0.186894
SC02753,34.68199176,-82.85111787,CLEMSON UPPER DIVERSION DAM,48,dam_study,True,False,True,False,False,True,0.214521
CA10102,39.81628687,-122.3366757,BLACK BUTTE DAM,776,dam_study,True,False,True,True,True,True,0.229171
SD01096,43.43798045,-103.5658486,COTTONWOOD SPRINGS DAM,148,dam_study,True,False,True,True,True,True,0.26726
MS01496,34.75921395,-90.12374535,ARKABUTLA DAM,211,dam_study,True,False,True,True,True,True,0.283232
CA10243,37.2171285,-119.9845339,BUCHANAN DAM,1071,dam_study,True,False,True,True,True,True,0.296997
MS03356,33.07487999,-90.10131706,FLOOD WATER RETARDING STRUCTURE SITE 47,351,dam_study,True,False,True,False,False,True,0.355233
CA10022,33.889999,-117.6421107,PRADO DAM,1061,dam_study,True,False,True,True,False,True,0.365941
SD01097,43.45341735,-103.4890904,COLD BROOK DAM,191,dam_study,True,False,True,True,True,True,0.417306
MS01493,34.40871079,-89.79696915,SARDIS DAM,278,dam_study,True,False,True,True,True,True,0.458543
CA10110,38.93654619,-121.0246647,NORTH FORK DAM,987,dam_study,True,False,True,True,True,True,0.606341
PA00005,41.04845622,-77.60933596,FOSTER JOSEPH SAYERS DAM,978,dam_study,True,False,True,True,True,True,0.627989
FL00425,27.11169856,-80.2851624,ST. LUCIE LOCK AND DAM,1001,dam_study,True,False,True,False,True,True,0.655316
MS03475,33.17001025,-89.96108196,FLOOD WATER RETARDING STRUCTURE SITE 30,1011,dam_study,True,False,True,False,False,True,0.718311
MS01492,32.29839375,-90.86909385,BROWN'S LAKE DAM,1149,dam_study,True,False,True,False,False,False,0.798387
OK10317S001,34.078202,-96.553237,DENISON DAM - CUMBERLAND LEVEES,936,dam_study,True,False,True,True,True,True,1.174819
PA00002,41.35920383,-77.92467161,ALVIN R. BUSH DAM,979,dam_study,True,False,True,True,True,True,1.284091
OR00746,45.34704981,-119.5445308,WILLOW CREEK DAM,174,dam_study,True,False,True,True,True,True,1.436364
OH00018,39.54214769,-82.05790138,TOM JENKINS DAM,1116,dam_study,True,False,True,True,True,True,1.686449
IL55094,41.88857907,-87.6075818,CHICAGO RIVER AND HARBOR CONTROLLING WORKS,1530,dam_study,True,False,True,False,False,True,1.858023
CA10020,34.30401002,-118.4103867,LOPEZ DAM,1479,dam_study,True,False,False,False,False,False,2.017848
MS03599,33.0947749,-90.02898895,FLOOD WATER RETARDING STRUCTURE SITE 38,990,dam_study,True,False,True,False,False,True,2.121323
NH00006,42.94647713,-72.23666102,OTTER BROOK DAM,940,dam_study,True,False,True,True,True,True,2.182719
MA00966,42.10896966,-72.12621913,EAST BRIMFIELD DAM,3089,dam_study,True,False,True,True,True,True,2.193647
MS03411,33.02910108,-90.19360301,FLOOD WATER RETARDING STRUCTURE SITE 52,1012,dam_study,True,False,True,False,False,True,2.545657
NV10002,37.4989011,-114.2239337,MATHEWS CANYON DAM,986,dam_study,True,False,True,True,False,False,2.823825
VT00003,43.33765453,-72.50947248,NORTH SPRINGFIELD DAM,1079,dam_study,True,False,True,True,True,True,3.071161
WA00301,47.6652943,-122.397247,HIRAM M. CHITTENDEN LOCKS AND DAM,127,dam_study,True,False,True,True,False,True,3.148715
WA00348,46.064178,-118.2638,MILL CREEK STORAGE DAM,373,dam_study,True,False,True,True,True,True,3.174847
WA00270,46.56218911,-118.5376903,LOWER MONUMENTAL LOCK AND DAM,132,dam_study,True,False,True,True,True,False,3.278237
OH00001,40.62294028,-82.32451622,PLEASANT HILL DAM,1123,dam_study,True,False,True,True,True,True,3.334604
IN04071,41.6520135,-87.48495857,INDIANA HARBOR CANAL CONFINED DISPOSAL FACILITY,1145,dam_study,True,False,True,False,True,False,3.844906
WA00331,46.58424,-118.0269,LITTLE GOOSE LOCK AND DAM,131,dam_study,True,False,True,True,True,True,3.982913
NE01061,40.78330141,-96.63634194,ANTELOPE CREEK DAM,177,dam_study,True,False,True,True,True,True,4.349052
NE01060,40.82410752,-96.95673838,TWIN LAKES DAM,169,dam_study,True,False,True,True,True,True,4.551314
NE01062,40.58540107,-96.84751314,OLIVE CREEK DAM,163,dam_study,True,False,True,True,True,True,4.778026
NE01059,40.60476151,-96.63641463,STAGECOACH DAM,164,dam_study,True,False,True,True,True,True,4.791567
NE01058,40.73087698,-96.78322726,YANKEE HILL DAM,170,dam_study,True,False,True,True,True,True,4.900653
IL00006,40.68343027,-89.52521188,FONDULAC DAM,1114,dam_study,True,False,True,False,False,True,4.92956
MN00578,45.01667,-95.833328,CHIPPEWA DIVERSION DAM,4290,dam_study,True,False,False,False,False,False,5.281019
MS03058,34.01121923,-88.48839138,AMORY LOCK AND DAM,1445,dam_study,True,False,True,False,False,True,5.364607
PA00921S002,40.3856,-76.03,Blue Marsh Dam - Dikes A and B,1104,dam_study,True,False,False,False,False,False,5.478795
KY03065,38.12586403,-82.69733105,YATESVILLE DAM,1032,dam_study,True,False,True,True,True,True,5.533961
NE01056,40.62038464,-96.58355938,WAGON TRAIN DAM,165,dam_study,True,False,True,True,True,True,5.549247
NE01064,40.62833,-96.790001,BLUESTEM DAM,167,dam_study,True,False,True,True,True,True,5.596737
NV10001S001,37.478093,-114.310555,PINE CANYON DAM - SADDLE DIKE 1,5174,dam_study,True,True,True,False,False,False,5.600842
MA00962S001,42.42833,-72.02667,BARRE FALLS DAM - DIKE 1,1140,dam_study,True,False,False,False,False,False,5.674019
ND00145S002,47.600483,-101.26336,GARRISON DAM - SNAKE CREEK EMBANKMENT,1111,dam_study,True,False,True,True,False,False,5.674302
OH00030,41.15653973,-81.07931201,MICHAEL J. KIRWAN DAM,960,dam_study,True,False,True,True,True,True,5.67467
KY03066,37.83952368,-82.8719808,PAINTSVILLE DAM,1467,dam_study,True,False,True,True,True,True,5.69718
VT00001,43.12767311,-72.7738704,BALL MOUNTAIN DAM,384,dam_study,True,False,True,True,True,True,5.748378
MA00962S002,42.42833,-72.02667,BARRE FALLS DAM - DIKE 2,1141,dam_study,True,False,False,False,False,False,5.791195
NV10001,37.47708,-114.30712,PINE CANYON DAM,5174,dam_study,True,True,True,False,False,False,5.820603
NE01065,41.313,-96.137001,STANDING BEAR DAM,1124,dam_study,True,False,True,True,True,True,5.842456
MA00962S003,42.42833,-72.02667,BARRE FALLS DAM - DIKE 3,1142,dam_study,True,False,False,False,False,False,5.94537
WV09903,38.30404199,-82.41607111,BEECH FORK DAM,4293,dam_study,True,False,True,True,True,True,5.968604
NE01055,40.76686396,-96.84560443,CONESTOGA DAM,168,dam_study,True,False,True,True,True,True,5.984181
ID00319,48.17958153,-116.999649,ALBENI FALLS DAM,126,dam_study,True,False,True,True,True,True,5.990704
MA00967S002,42.11849902,-71.88041366,"HODGES VILLAGE DAM - DIKES 2, 3 and 4",5446,dam_study,True,True,True,False,False,False,6.024129
IL00005,40.671299,-89.500504,FARMDALE DAM,1113,dam_study,True,False,True,False,False,True,6.045403
MA00962,42.42803246,-72.02589183,BARRE FALLS DAM,1121,dam_study,True,False,True,True,False,True,6.212283
MA00967S001,42.12044378,-71.88060856,HODGES VILLAGE DAM - DIKE 1,5446,dam_study,True,True,True,True,False,False,6.53624
MA00967,42.1197522,-71.87988053,HODGES VILLAGE DAM,5446,dam_study,True,True,True,True,False,True,6.605682
MO12099,39.01659639,-94.33955747,BLUE SPRINGS DAM,181,dam_study,True,False,True,True,True,True,6.610318
NH00005,42.89394924,-71.98640121,EDWARD MACDOWELL DAM,208,dam_study,True,False,True,True,True,True,6.637445
NE01057,40.83880665,-96.86559467,PAWNEE DAM,178,dam_study,True,False,True,True,True,True,6.871873
OR00612,42.67048024,-122.6743165,WILLIAM L. JESS DAM,186,dam_study,True,False,True,True,True,True,6.983584
MT00652,48.41028848,-115.3142655,LIBBY DAM,1119,dam_study,True,False,True,False,True,True,6.988244
CT00503,41.75575454,-72.18145231,MANSFIELD HOLLOW DAM,354,dam_study,True,False,True,True,True,True,7.134707
MA00965,42.07348537,-72.29041441,CONANT BROOK DAM,1084,dam_study,True,False,True,True,False,False,7.152548
KY03046,36.96099677,-84.26800149,LAUREL DAM,1060,dam_study,True,False,True,True,True,True,7.317805
PA00921,40.37903275,-76.03142669,BLUE MARSH DAM,962,dam_study,True,False,True,True,True,True,7.352948
PA00001S001,41.528989,-75.519994,AYLESWORTH CREEK DAM - MAYFIELD DIKE,5150,dam_study,True,True,True,False,False,False,7.429986
CT00508,41.65764318,-73.1054137,BLACK ROCK DAM,758,dam_study,True,False,True,True,True,True,7.449958
TX05996,33.79692805,-99.83479781,TRUSCOTT BRINE DAM,5181,dam_study,True,True,True,True,False,True,7.46423
IA00014,41.79307259,-93.7301833,BIG CREEK DIVERSION DAM,280,dam_study,True,False,True,True,True,True,7.559508
KY03029,37.736823,-82.729211,DEWEY DAM,1036,dam_study,True,False,True,True,True,True,7.636608
KY03056,37.23002555,-83.03348987,CARR CREEK DAM,956,dam_study,True,False,True,True,True,True,7.798782
OH00012,40.26907854,-81.27656712,CLENDENING DAM,748,dam_study,True,False,True,True,True,True,8.129962
PA00106,40.45684379,-79.45147968,LOYALHANNA DAM,1126,dam_study,True,False,True,True,True,True,8.151607
OH00009,40.50574431,-82.5765247,NORTH BRANCH KOKOSING DAM,4906,dam_study,True,True,True,True,False,True,8.284517
VT00002,43.60466917,-72.36088656,NORTH HARTLAND DAM,959,dam_study,True,False,True,True,True,True,8.338001
NH00001S001,43.31667,-71.72333,BLACKWATER DAM - DODGE ESTATE DIKE,4103,dam_study,True,False,True,False,False,False,8.404038
VT00005,43.79358941,-72.25796905,UNION VILLAGE DAM,224,dam_study,True,False,True,True,False,True,8.563257
PA00003,40.95411375,-78.52627634,CURWENSVILLE DAM,382,dam_study,True,False,True,True,True,True,8.625624
NH00001S002,43.31667,-71.72333,BLACKWATER DAM - LITTLE HILL DIKE,4103,dam_study,True,False,True,False,False,False,8.65863
CA10201,39.198799,-123.1833,COYOTE VALLEY DAM,777,dam_study,True,False,True,True,True,True,8.877736
NE01063,40.970001,-96.853333,BRANCHED OAK DAM,176,dam_study,True,False,True,True,True,True,8.905533
CT00504,41.51423404,-73.06647769,HOP BROOK DAM,203,dam_study,True,False,True,True,False,True,8.92073
NH00003,43.46894782,-71.65930664,FRANKLIN FALLS DAM,760,dam_study,True,False,False,True,True,True,9.145785
GA01701,33.66117856,-82.19965703,J. STROM THURMOND DAM,314,dam_study,True,False,True,True,True,True,9.189807
NH00001,43.31611461,-71.72218921,BLACKWATER DAM,4103,dam_study,True,False,True,True,True,True,9.270926
KY03028,37.431671,-82.416672,FISHTRAP DAM,4085,dam_study,True,False,True,True,True,True,9.435223
NE01882,41.17257938,-96.1512037,WEHRSPANN DAM,4846,dam_study,True,True,True,True,False,True,9.50499
VA051001,37.23316995,-82.34459146,JOHN W FLANNAGAN DAM,1028,dam_study,True,False,True,True,True,True,9.664279
PA00011,41.58933525,-75.3275816,PROMPTON DAM,764,dam_study,True,False,True,True,True,True,9.826797
OH00028,39.950001,-83.746674,CLARENCE J. BROWN DAM,1120,dam_study,True,False,True,True,True,True,9.850629
MO30201,37.90074832,-93.32050796,POMME DE TERRE DAM,236,dam_study,True,False,True,True,True,True,10.039091
OH00007S002,40.03315,-82.07903,DILLON DAM - PLEASANT VALLEY DIKE,981,dam_study,True,False,True,False,False,False,10.279827
VA089001,36.78151177,-80.02744918,PHILPOTT DAM,934,dam_study,True,False,True,True,True,True,10.461476
PA00109,39.79851074,-79.36902974,YOUGHIOGHENY DAM,755,dam_study,True,False,True,True,True,True,10.726653
OH00003S005,40.61136811,-81.42488034,DOVER DAM - ZOAR LEVEE,153,dam_study,True,False,True,False,False,False,10.74795
WA00300,47.14096557,-121.9333295,MUD MOUNTAIN DAM,83,dam_study,True,False,True,False,False,True,10.812027
NH00002S002,43.09386978,-71.66196536,EVERETT DAM - DIKE 2,5160,dam_study,True,True,False,False,False,False,11.155137
MA00965S001,42.0751175,-72.29018021,CONANT BROOK DAM - DIKE,1533,dam_study,True,False,True,False,False,False,11.255067
WV00707,38.84267522,-80.62066816,BURNSVILLE DAM,2700,dam_study,True,False,True,True,True,True,11.372859
KY03051,38.00409807,-85.30750163,TAYLORSVILLE LAKE DAM,982,dam_study,True,False,True,True,True,True,11.465094
OH00005,40.63697951,-81.55737561,BEACH CITY DAM,212,dam_study,True,False,True,True,True,True,11.507363
OH00013,39.92524657,-81.43522379,SENECAVILLE DAM,1517,dam_study,True,False,True,True,True,True,11.536505
NH00002S001,43.09431167,-71.65902303,EVERETT DAM - DIKE 1,5160,dam_study,True,True,False,False,False,False,11.553335
CO00050,37.14285508,-104.5516137,TRINIDAD DAM,248,dam_study,True,False,True,True,False,True,11.590207
NH00002,43.09300475,-71.65986852,EVERETT DAM,5160,dam_study,True,True,True,True,False,True,11.700897
OH00007S001,40.07494946,-82.15691032,DILLON DAM - NASHPORT DIKE,981,dam_study,True,False,True,False,False,False,11.834014
OH00007,39.99221569,-82.07993714,DILLON DAM,981,dam_study,True,False,True,True,True,True,11.84287
VA117002,36.549999,-78.466667,ISLAND CREEK DAM,5675,dam_study,True,True,True,True,False,True,11.911573
ND00147,45.98141058,-103.2463061,Bowman-Haley Dam,5461,dam_study,True,True,True,True,False,True,11.951567
OH00014,40.46914272,-81.19467284,LEESVILLE DAM,4390,dam_study,True,True,True,True,False,True,12.033869
OH00008,39.62209178,-83.21523076,DEER CREEK DAM,980,dam_study,True,False,True,True,True,True,12.060549
CT00505,41.681603,-73.09046148,NORTHFIELD BROOK DAM,1063,dam_study,True,False,True,False,False,True,12.064249
KY03027,37.34063698,-83.47054612,BUCKHORN DAM,746,dam_study,True,False,True,True,True,True,12.130415
OH00006,40.5266258,-81.2861344,ATWOOD DAM,1038,dam_study,True,False,True,True,True,True,12.181215
OH00019S001,40.70373,-82.08947,MOHICANVILLE DAM - DIKE 1,3601,dam_study,True,False,False,False,False,False,12.231054
PA00009,41.61210736,-75.26551065,GENERAL EDGAR JADWIN DAM,1435,dam_study,True,False,True,True,False,False,12.43715
WV09101,39.31323342,-80.03366043,TYGART DAM,1434,dam_study,True,False,True,True,True,True,12.529764
OH00011,40.19006537,-81.21302002,PIEDMONT DAM,5173,dam_study,True,True,True,True,False,True,12.637586
NE02185,41.2204528,-96.16072353,ZORINSKY DAM,3983,dam_study,True,False,True,True,True,True,12.670634
AR01202,34.14375099,-94.09863281,DIERKS DAM,1027,dam_study,True,False,True,True,True,True,12.719627
OH00017,39.25056107,-83.3545731,PAINT CREEK DAM,349,dam_study,True,False,True,True,True,True,13.084861
ND00310,48.40468234,-97.79128719,HOMME DAM,1008,dam_study,True,False,True,True,True,True,13.229723
CT00507,41.62193789,-73.03747802,HANCOCK BROOK DAM,1062,dam_study,True,False,True,True,True,True,13.253454
OH00929,39.02277503,-84.15056176,WILLIAM H. HARSHA DAM,1122,dam_study,True,False,True,True,True,True,13.329637
OH00002,40.15639349,-81.84706426,WILLS CREEK DAM,5426,dam_study,True,True,True,True,False,True,13.364426
OH00019S002,40.69577,-82.0686,MOHICANVILLE DAM - DIKE 2,3601,dam_study,True,False,True,False,False,False,13.660179
CT00507S001,41.62559961,-73.03058771,HANCOCK BROOK DAM - RAILROAD DIKE,1444,dam_study,True,False,False,False,False,False,13.722165
GA00822,34.60313897,-84.69358373,CARTERS REREGULATION DAM,744,dam_study,True,False,True,True,True,True,13.748824
NE01518,41.3635091,-96.05701667,CUNNINGHAM DAM,147,dam_study,True,False,True,True,True,True,13.791598
PA01132,41.89803347,-77.13524622,TIOGA DAM,391,dam_study,True,False,True,True,True,True,13.821982
OH00019,40.72569835,-82.15388625,MOHICANVILLE DAM,3601,dam_study,True,False,True,True,False,True,14.423488
VA005001,37.95108157,-79.95681956,GATHRIGHT DAM,377,dam_study,True,False,True,True,True,True,14.633603
MO11176,39.75077713,-92.51437502,LONG BRANCH DAM,5147,dam_study,True,True,True,True,False,True,14.661078
IA00012S001,41.7971,-91.860298,CORALVILLE DAM - AMANA REMEDIAL WORKS,1107,dam_study,True,False,False,False,False,False,14.684984
OH00010,40.35888456,-81.22663965,TAPPAN DAM,1524,dam_study,True,False,True,True,True,True,15.191366
KY03055,38.11760874,-83.53267552,CAVE RUN DAM,2819,dam_study,True,False,True,True,True,True,15.214648
PA01133,41.89939463,-77.14694582,HAMMOND DAM,201,dam_study,True,False,True,True,True,True,15.687044
OH00931,40.18724446,-82.96335079,ALUM CREEK DAM,253,dam_study,True,False,True,True,True,True,15.982872
VT00004,43.05192465,-72.70385765,TOWNSHEND DAM,2812,dam_study,True,False,True,True,True,True,16.264831
PA00010,40.85138894,-75.63961711,BELTZVILLE DAM,6207,dam_study,True,True,True,True,False,False,17.538301
KS00026,38.923328,-95.330002,CLINTON DAM,179,dam_study,True,False,True,True,True,True,17.584791
OH00003S003,40.56822,-81.36037,DOVER DAM - SOMERDALE LEVEE,1481,dam_study,True,False,True,False,False,False,17.891463
IN03006S001,40.82144581,-85.34721414,J. EDWARD ROUSH DAM - MARKLE LEVEE,5163,dam_study,True,True,True,True,False,False,17.89165
NH00004,43.18863184,-71.74764136,HOPKINTON DAM,7071,dam_study,True,True,True,True,False,True,17.989279
MS03060,34.25786895,-88.42488916,FULTON LOCK AND DAM,1531,dam_study,True,False,True,False,False,True,18.354542
MN00580,45.0219407,-95.86913647,LAC QUI PARLE DAM,1041,dam_study,True,False,True,True,True,True,18.616055
PA00006,41.69687386,-75.48595151,STILLWATER DAM,1022,dam_study,True,False,True,True,True,True,18.868036
NC00300,36.13441524,-81.22596408,W. KERR SCOTT DAM,6212,dam_study,True,True,True,True,False,True,19.007569
OR00012,44.41561373,-122.6701612,FOSTER DAM,189,dam_study,True,False,True,True,True,True,19.356419
WV00701,38.66160057,-80.69293662,SUTTON DAM,5178,dam_study,True,True,True,True,False,True,19.642786
MO30200,37.69190358,-93.75950389,STOCKTON DAM,182,dam_study,True,False,True,True,True,True,19.664162
IN03005S001,40.74635373,-85.50767595,SALAMONIE DAM - LANCASTER LEVEE AND DIKE,5176,dam_study,True,True,False,False,False,False,19.698728
OR00624,42.05601063,-123.1149774,APPLEGATE DAM,5149,dam_study,True,True,True,True,False,True,19.726839
OH00016,40.35162373,-82.0888643,MOHAWK DAM,141,dam_study,True,False,True,True,True,True,19.901005
IN03018,38.43433855,-86.70758984,PATOKA DAM,222,dam_study,True,False,True,True,True,True,19.955642
WV06702S001,38.2227,-80.9119,SUMMERSVILLE DAM - DIKE 1,4062,dam_study,True,False,False,False,False,False,20.241728
MS03060S001,34.26642709,-88.42367339,FULTON LOCK AND DAM - RING DIKE,1483,dam_study,True,False,True,False,False,True,20.270937
WI00780,44.85593096,-92.23968034,EAU GALLE DAM,5456,dam_study,True,True,True,True,False,True,20.601321
TN15901,36.29032507,-85.94362774,CORDELL HULL LOCK AND DAM,257,dam_study,True,False,True,True,True,True,20.743585
OH00003,40.55769965,-81.41253666,DOVER DAM,239,dam_study,True,False,True,True,True,True,20.892751
OR00015,44.12788372,-122.2410845,COUGAR DAM,172,dam_study,True,False,True,True,True,True,20.91412
AL01427,33.45840141,-87.35635756,JOHN HOLLIS BANKHEAD LOCKS AND DAM,1146,dam_study,True,False,True,False,False,True,21.165534
MA00970,42.64301651,-72.22367825,TULLY DAM,7107,dam_study,True,True,True,True,False,True,21.429563
MI00650,46.50422236,-84.34961423,SOO LOCKS,365,dam_study,True,False,False,True,True,True,21.708978
WV06702S002,38.23234368,-80.91014189,SUMMERSVILLE DAM - DIKE 2,4062,dam_study,True,False,False,False,False,False,21.790443
IN03001,39.00820671,-86.51133105,MONROE DAM,1030,dam_study,True,False,True,True,True,True,22.249443
PA00105,41.83931931,-79.00299055,KINZUA DAM,295,dam_study,True,False,True,True,True,True,22.541273
NM00003,35.3941615,-106.5466189,JEMEZ CANYON DAM,277,dam_study,True,False,True,True,True,True,22.614338
NH00007,42.99778047,-72.3092611,SURRY MOUNTAIN DAM,5246,dam_study,True,True,True,True,True,True,23.221542
KS00027,37.84264228,-96.81845602,EL DORADO DAM,1065,dam_study,True,False,True,True,True,True,23.586822
OR00006,43.92119299,-122.8081892,DEXTER DAM,129,dam_study,True,False,True,True,True,True,23.617048
CT00501,41.69501637,-73.0623066,THOMASTON DAM,5180,dam_study,True,True,True,True,False,True,23.638116
PA00110,41.47543491,-79.44538287,TIONESTA DAM,5146,dam_study,True,True,True,True,False,True,23.660121
AR00174S001,36.416672,-93.848328,BEAVER DAM - SADDLE DIKE 3,1511,dam_study,True,False,False,False,False,False,23.802755
MA00968,42.2650919,-72.88172606,LITTLEVILLE DAM,723,dam_study,True,False,True,True,True,True,24.507099
CA10021,34.34362942,-117.2346835,Mojave River Dam,1026,dam_study,True,False,True,False,False,False,24.775409
ND00309,47.03467792,-98.07885544,BALDHILL DAM,954,dam_study,True,False,True,True,True,True,24.826256
OR00004,44.72173131,-122.2500998,DETROIT DAM,139,dam_study,True,False,True,True,True,True,24.973533
GA00821,34.613331,-84.670295,CARTERS MAIN DAM,945,dam_study,True,False,True,True,True,True,25.373896
WV06702,38.22235664,-80.89067204,SUMMERSVILLE DAM,4062,dam_study,True,False,True,True,True,True,26.167385
OR00010,44.45006265,-122.5488478,GREEN PETER DAM,142,dam_study,True,False,True,True,True,True,26.457901
OH00004,40.65662777,-81.42927859,BOLIVAR DAM,206,dam_study,True,False,True,True,False,True,26.462694
MA00964,42.118328,-71.908333,BUFFUMVILLE DAM,1117,dam_study,True,False,True,True,True,True,27.00857
OR00007,43.946671,-122.7567,FALL CREEK DAM,1443,dam_study,True,False,True,True,True,True,27.348036
OH00005S003,40.70229338,-81.59513329,BEACH CITY DAM - BREWSTER LEVEE,4286,dam_study,True,False,True,False,False,False,28.122415
PA00102,40.71529559,-79.51018869,CROOKED CREEK DAM,1542,dam_study,True,False,True,True,True,True,28.435179
IL00113,38.618825,-89.352293,CARLYLE DAM,976,dam_study,True,False,True,True,True,True,28.67604
OR00013,44.17332974,-122.3283096,BLUE RIVER DAM,1485,dam_study,True,False,True,True,True,True,29.210012
TX00004S001,29.866671,-98.199997,CANYON LAKE DAM - DIKE A,5157,dam_study,True,False,False,False,False,False,29.751348
OR00008,43.78369366,-122.9542963,DORENA DAM,135,dam_study,True,False,False,False,False,True,30.252003
MN00586,47.42906918,-94.05188214,WINNIBIGOSHISH DAM,4292,dam_study,True,False,True,True,True,True,30.50406
IL00118,39.40912461,-88.78038027,SHELBYVILLE DAM,209,dam_study,True,False,True,True,True,True,31.16658
OH00015,40.35888375,-83.06899939,DELAWARE DAM,325,dam_study,True,False,True,True,True,True,31.357144
MS03604,34.46281241,-88.36625266,G.V. MONTGOMERY LOCK AND DAM,2814,dam_study,True,False,True,False,False,True,31.637024
MO12084,39.39602186,-94.55616325,SMITHVILLE DAM,4288,dam_study,True,False,True,True,True,True,31.828578
TX00008,33.06931527,-96.96453947,LEWISVILLE DAM,68,dam_study,True,False,True,False,False,True,32.285101
KS00002,37.2772,-95.78786,ELK CITY DAM,1125,dam_study,True,False,True,True,True,True,32.728232
MA00963,42.63095422,-72.12327215,BIRCH HILL DAM,1082,dam_study,True,False,True,True,True,True,33.677703
OK10313,35.94808176,-96.29593538,HEYBURN DAM,1066,dam_study,True,False,True,True,True,True,34.809985
TX00004,29.86917308,-98.19762158,CANYON LAKE DAM,5157,dam_study,True,True,True,True,False,True,34.901959
KY03007,37.24571455,-85.33981988,GREEN RIVER DAM,207,dam_study,True,False,True,True,True,True,35.06282
KS00013,38.96672905,-98.49541002,WILSON DAM,190,dam_study,True,False,False,False,False,True,35.161422
IN03006,40.84600796,-85.46868178,J. EDWARD ROUSH DAM,5163,dam_study,True,True,True,True,False,True,35.191121
ND00146,46.96174814,-98.75250043,PIPESTEM DAM,769,dam_study,True,False,True,True,True,True,35.212174
OK22178,35.645,-97.361671,ARCADIA DAM,961,dam_study,True,False,True,True,True,True,35.30666
MA00972,42.08223855,-72.05818359,WESTVILLE DAM,5886,dam_study,True,True,True,True,False,True,36.349799
GA03742S001,34.112355,-84.713096,ALLATOONA DAM - SADDLE DIKE,1000,dam_study,True,False,False,False,False,False,36.717977
KY03012,37.61975093,-86.50090675,ROUGH RIVER DAM,223,dam_study,True,False,True,True,True,True,37.058912
OK10308,35.30449621,-95.36025232,EUFAULA DAM,1040,dam_study,True,False,True,True,True,True,37.32652
OK22203,34.23572106,-98.05367357,WAURIKA DAM,6366,dam_study,True,True,True,True,False,True,37.820305
PA01134,41.98716686,-77.15272251,COWANESQUE DAM,6927,dam_study,True,True,True,True,False,True,37.93897
CO01280,39.64947623,-104.8582789,CHERRY CREEK DAM,1152,dam_study,True,False,True,True,True,True,38.345947
OK10309,36.14989089,-96.25297247,KEYSTONE DAM,67,dam_study,True,False,True,False,False,True,38.614093
PA00108,41.69729746,-80.1021851,WOODCOCK CREEK DAM,5183,dam_study,True,True,True,True,False,True,38.882586
TN03701,36.15631282,-86.61879067,J. PERCY PRIEST DAM,6209,dam_study,True,True,True,True,False,True,38.888419
TX00006,31.83451281,-99.56007376,HORDS CREEK DAM,4706,dam_study,True,True,True,True,False,True,39.379085
CA10108,39.32723371,-120.1147894,MARTIS CREEK DAM,6669,dam_study,True,True,True,True,False,True,39.416421
OR00009,43.91253973,-122.7515502,LOOKOUT POINT DAM,771,dam_study,True,False,True,True,True,True,40.172409
PA00101,40.46811111,-79.36626662,CONEMAUGH DAM,5453,dam_study,True,True,True,True,False,True,40.758029
OK10315,34.94174841,-94.71695613,WISTER DAM,6214,dam_study,True,True,True,True,False,True,40.811786
WV10924,37.59972986,-81.82303359,R.D. BAILEY DAM,1031,dam_study,True,False,True,True,True,True,41.055687
WV08902,37.64079494,-80.88636894,BLUESTONE DAM,38,dam_study,True,False,True,True,False,True,41.057966
OK10306,34.11213761,-95.08019859,PINE CREEK DAM,244,dam_study,True,False,True,True,True,True,41.393444
GA03742,34.16416252,-84.72798524,ALLATOONA DAM,765,dam_study,True,False,True,True,True,True,42.402832
OK22200,36.351669,-96.091667,SKIATOOK DAM,299,dam_study,True,False,False,True,True,True,42.627758
TN03702,36.29640158,-86.6559262,OLD HICKORY LOCK AND DAM,4388,dam_study,True,True,False,False,False,False,42.870929
OR00011,45.71794765,-120.6953956,JOHN DAY LOCK AND DAM,1470,dam_study,True,False,True,True,True,True,42.973086
KS00011,37.74138636,-95.92610255,TORONTO DAM,4366,dam_study,True,True,True,True,False,True,43.176407
CT00502,41.94591542,-71.89861616,WEST THOMPSON DAM,1509,dam_study,True,False,True,True,True,True,43.57367
KS00006,38.36912101,-97.08473669,MARION DAM,963,dam_study,True,False,True,True,True,True,43.687309
MN00585,47.24779984,-94.22169124,LEECH DAM,1504,dam_study,True,False,True,True,True,True,43.765163
KS00003,37.65083292,-96.06290664,FALL RIVER DAM,4746,dam_study,True,True,True,True,False,True,44.108781
MN00584,47.2509,-93.5877,POKEGAMA DAM,4291,dam_study,True,False,True,True,True,True,45.550386
IN03004,40.71550322,-85.95813888,MISSISSINEWA DAM,983,dam_study,True,False,True,True,True,True,45.816737
NM00001,36.23791519,-106.4266263,ABIQUIU DAM,747,dam_study,True,False,True,True,True,True,45.919111
NY00740,42.3461766,-77.70603896,ALMOND DAM,5846,dam_study,True,True,True,True,False,True,46.099646
AL01426,33.2540518,-87.44948284,HOLT LOCK AND DAM,5464,dam_study,True,True,False,False,False,False,46.969361
OR00002,45.61483176,-121.1357264,THE DALLES LOCK AND DAM,4306,dam_study,True,True,False,False,False,False,47.144543
NM00158,35.028332,-104.6883,SANTA ROSA DAM,247,dam_study,True,False,True,True,True,True,47.332291
OR00014,43.70872322,-122.4236336,HILLS CREEK DAM,1471,dam_study,True,False,True,True,True,True,48.444309
KY03009,36.89341099,-86.12568147,BARREN RIVER DAM,1085,dam_study,True,False,True,True,True,True,48.863023
KS00007,38.51441374,-95.7130005,MELVERN DAM,5826,dam_study,True,True,True,True,False,True,49.283677
OK21489S001,37.00944908,-95.94954765,COPAN DAM - CANEY LEVEE,6667,dam_study,True,True,True,False,False,False,49.344916
OK10301,35.34679397,-94.77740259,ROBERT S. KERR LOCK AND DAM,935,dam_study,True,False,False,False,True,True,50.137502
IN03017S001,39.5897688,-84.99150421,BROOKVILLE DAM - DUNLAPSVILLE LEVEE,7427,dam_study,True,True,True,False,False,False,51.279712
MS03605,34.52296003,-88.32534496,JAMIE L. WHITTEN LOCK AND DAM,1460,dam_study,True,False,True,True,True,True,51.565614
OK21489,36.88405785,-95.9686335,COPAN DAM,6667,dam_study,True,True,True,True,False,True,52.497961
OK10319,36.7483449,-98.13894906,GREAT SALT PLAINS DAM,1064,dam_study,True,False,True,True,True,True,52.673356
IA00016,40.82617231,-92.8874853,RATHBUN DAM,151,dam_study,True,False,True,True,True,True,52.708052
OR00001,45.64426344,-121.9408572,BONNEVILLE LOCKS AND DAM,721,dam_study,True,False,True,True,True,True,52.873214
KY03011,37.27714433,-86.2470187,NOLIN DAM,4926,dam_study,True,True,True,True,False,True,53.247178
OK10311S001,35.594,-95.044,TENKILLER DAM - DIKE,5179,dam_study,True,True,True,True,False,False,56.635242
IN03003,39.71701531,-87.07048593,CECIL M. HARDEN DAM,6706,dam_study,True,True,True,True,False,True,56.729667
PA00001,41.52217538,-75.5307433,AYLESWORTH CREEK DAM,5150,dam_study,True,True,True,True,False,True,57.777084
OK10312,36.92818466,-96.08824964,HULAH DAM,740,dam_study,True,False,True,True,True,True,58.038759
TX08012,33.33187704,-95.62789835,COOPER DAM,5165,dam_study,True,True,True,True,False,True,58.2872
CT00502S001,41.94336718,-71.90677502,WEST THOMPSON DAM - REARDON ROAD DIKE,1509,dam_study,True,False,False,False,False,False,58.431323
NM00404,35.61657592,-106.3178358,COCHITI DAM,7007,dam_study,True,True,True,True,False,True,61.275943
OK10314,35.86965013,-95.23082715,FORT GIBSON DAM,989,dam_study,True,False,True,True,True,True,61.914199
NC01713,35.94154371,-78.58269882,FALLS DAM,6215,dam_study,True,True,True,True,False,True,63.904966
CA10106,35.6459311,-118.4821982,ISABELLA DAM,63,dam_study,True,False,True,False,False,True,65.002497
NY00856,42.39698611,-77.71503384,ARKPORT DAM,756,dam_study,True,False,True,False,False,False,65.302667
MA00971S001,42.105,-71.605003,WEST HILL DAM - DIKE D,6586,dam_study,True,False,False,False,False,False,66.098122
KS00001,38.68056143,-96.50265311,COUNCIL GROVE DAM,358,dam_study,True,False,True,True,True,True,66.119157
TN04102,36.09790375,-85.82636891,CENTER HILL DAM,43,dam_study,True,False,True,False,False,True,66.125939
LA00181,32.70890244,-93.91672372,CADDO DAM,4626,dam_study,True,True,True,True,False,True,66.270125
CT00506S001,41.99869489,-73.04522274,COLEBROOK RIVER DAM - SADDLE DIKE,5158,dam_study,True,True,True,False,False,False,67.345483
IN03002,39.48644986,-86.91744979,CAGLES MILL DAM,6526,dam_study,True,True,True,True,False,True,68.286039
IA00017,41.703602,-93.681099,SAYLORVILLE DAM,321,dam_study,True,False,True,True,True,True,68.617309
AL01432,31.62527444,-85.06435947,WALTER F. GEORGE LOCK AND DAM,5566,dam_study,True,True,True,True,False,True,68.89127
WV09901,38.14493478,-82.38417197,EAST LYNN DAM,5452,dam_study,True,True,True,True,False,True,69.442068
OK10311,35.59374121,-95.03793638,TENKILLER DAM,5179,dam_study,True,True,True,True,False,True,72.424131
OK10316,36.08850619,-98.5914085,CANTON DAM,205,dam_study,True,False,True,True,True,True,72.551153
PA00103,41.92049901,-79.9003515,UNION CITY DAM,5182,dam_study,True,True,True,True,False,True,72.554087
CO01281,39.55789344,-105.0594068,CHATFIELD DAM,4627,dam_study,True,False,True,True,True,True,73.055487
TN02702,36.53759146,-85.45131184,DALE HOLLOW DAM,366,dam_study,True,False,True,True,True,True,73.418096
AR00154,34.14859978,-93.71564327,NARROWS DAM,1076,dam_study,True,False,True,True,True,True,74.76014
OH00032,41.04605256,-81.00246049,BERLIN DAM,2813,dam_study,True,False,True,True,True,True,75.633297
VA195001,37.12511531,-82.63055425,North Fork of Pound Dam,6726,dam_study,True,True,True,True,False,True,76.308749
FL00435,30.7086128,-84.86405964,JIM WOODRUFF LOCK AND DAM,5167,dam_study,True,False,False,False,False,True,76.412454
VA117001,36.59667,-78.29667,JOHN H KERR DAM,237,dam_study,True,False,True,True,True,True,76.428319
OK10307S001,34.154447,-94.687439,BROKEN BOW DAM - REREGULATION DAM,1094,dam_study,True,False,True,False,False,False,77.016451
OR00005,43.71638222,-123.0537485,COTTAGE GROVE DAM,7348,dam_study,True,True,True,True,False,True,77.928675
NC00173,35.65458882,-79.067,B. EVERETT JORDAN DAM,305,dam_study,True,False,True,True,True,True,78.638122
GA00820,32.91845437,-85.18807227,WEST POINT DAM,700,dam_study,True,False,True,True,True,True,79.236002
IN03005,40.80791944,-85.6779339,SALAMONIE DAM,5176,dam_study,True,True,True,True,False,True,80.084338
MA00969,42.29070643,-72.86179015,KNIGHTVILLE DAM,1083,dam_study,True,False,True,True,False,True,82.343315
MA00971,42.10590443,-71.60488193,WEST HILL DAM,6586,dam_study,True,True,True,True,False,False,82.394304
CO01283,38.0696437,-102.938143,JOHN MARTIN DAM,262,dam_study,True,False,True,True,True,True,86.177444
OK10310,36.42235422,-95.68018803,OOLOGAH DAM,955,dam_study,True,False,True,True,True,True,87.296905
WA00299,47.99535906,-119.6374271,CHIEF JOSEPH DAM,1494,dam_study,True,False,True,True,True,True,87.588273
OH00927S002,39.526928,-84.00960027,CAESAR CREEK DAM - SADDLE DIKE 2,5674,dam_study,True,True,True,False,False,False,88.061032
KS00010,38.65079293,-95.55868977,POMONA DAM,952,dam_study,True,False,True,True,True,True,88.698107
PA00007,39.92365266,-76.7545033,YORK INDIAN ROCK DAM,5486,dam_study,True,True,True,True,False,True,88.902696
SC82201,33.42676007,-79.93111821,ST. STEPHEN POWERHOUSE DAM,376,dam_study,True,False,True,True,True,True,88.937204
CA10021S001,34.34413295,-117.2440986,Mojave River Dam - Saddle Dike 1,4347,dam_study,True,True,True,False,False,False,89.482751
OK22199,34.62833,-95.349998,SARDIS DAM,1468,dam_study,True,False,True,True,True,True,89.942031
OK20509,36.69882,-96.91958875,KAW DAM,263,dam_study,True,False,True,True,True,True,90.87988
KY03061,36.75214657,-83.25788242,MARTINS FORK DAM,5169,dam_study,True,True,True,True,False,True,93.598787
CT00506,42.00623554,-73.03663427,COLEBROOK RIVER DAM,5158,dam_study,True,True,True,True,False,True,95.819022
IL00007,41.56893433,-88.07805393,LOCKPORT LOCK AND CONTROLLING WORKS,5457,dam_study,True,True,False,False,False,False,96.249537
MO30203,37.13495145,-90.77089115,CLEARWATER DAM,200,dam_study,True,False,True,True,True,True,97.269249
KY03010,36.86977861,-85.14379758,WOLF CREEK DAM,106,dam_study,True,False,True,False,False,True,97.807721
OH00927S003,39.54462579,-84.00226322,CAESAR CREEK DAM - SADDLE DIKE 3,5674,dam_study,True,True,True,True,False,True,97.885142
MN00582,46.66911572,-94.11281778,PINE RIVER DAM,5266,dam_study,True,False,True,True,True,True,98.55844
KS00009,39.11347885,-95.42535861,PERRY DAM,3623,dam_study,True,False,True,True,True,True,101.3843
MN00576,45.76971345,-96.6309884,RESERVATION HIGHWAY DAM,1102,dam_study,True,False,True,True,True,True,101.567112
MN00577,45.86155967,-96.57301693,WHITE ROCK DAM,1072,dam_study,True,False,True,True,True,True,102.111902
GA01702,34.35775828,-82.82142793,HARTWELL DAM,378,dam_study,True,False,True,True,True,True,102.123406
MO20725S002,38.293,-93.358,HARRY S. TRUMAN DAM - STERETT CREEK DIKE,4265,dam_study,True,True,True,True,False,False,102.153282
AR00157,35.10424688,-93.64914894,BLUE MOUNTAIN DAM,6546,dam_study,True,True,True,True,False,True,106.155503
CA10112,36.83265291,-119.3256138,PINE FLAT DAM,1495,dam_study,True,False,True,True,True,True,107.920074
KS00004,38.24224332,-95.75566901,JOHN REDMOND DAM,6668,dam_study,True,True,True,True,False,True,109.189903
AR00158,34.95201535,-93.16043511,NIMROD DAM,6326,dam_study,True,True,True,True,False,True,109.991594
GA01705S001,34.028513,-82.583893,RICHARD B. RUSSELL DAM - SADDLE DIKE,1490,dam_study,True,False,False,False,False,False,110.373868
AR00174,36.42221163,-93.84762325,BEAVER DAM,1510,dam_study,True,False,True,True,True,True,110.637536
TX08007,32.64400997,-96.99095916,JOE POOL DAM,742,dam_study,True,False,True,True,True,True,112.8474
GA00824S001,34.170701,-84.077974,BUFORD DAM - SADDLE DIKE 1,5156,dam_study,True,True,True,True,False,True,113.034773
TX00001,32.25097428,-96.64137346,BARDWELL DAM,1150,dam_study,True,False,True,True,True,True,114.265282
PA00004S001,40.40378,-78.12691,RAYSTOWN DAM - HESSTON DIKE,2807,dam_study,True,False,True,False,False,False,114.617533
GA00824S002,34.165927,-84.076805,BUFORD DAM - SADDLE DIKE 2,5156,dam_study,True,True,True,True,False,True,115.485196
OR00016,44.11802334,-123.2921873,FERN RIDGE DAM,5462,dam_study,True,True,True,True,False,True,116.460329
MO20725,38.26375463,-93.40356992,HARRY S. TRUMAN DAM,4265,dam_study,True,True,True,True,False,True,120.485669
TX00009,31.95395578,-96.69517014,NAVARRO MILLS DAM,1091,dam_study,True,False,True,True,True,True,120.585047
AZ82203,34.23279662,-113.6012667,ALAMO DAM,5506,dam_study,True,True,True,True,False,True,121.664174
CA10202,35.33715601,-120.5027291,SALINAS DAM,5177,dam_study,True,True,True,False,False,True,122.060807
GA01705,34.02530595,-82.59434625,RICHARD B. RUSSELL DAM,1039,dam_study,True,False,True,False,False,True,123.573198
OH00927,39.48494999,-84.06129856,CAESAR CREEK DAM,5674,dam_study,True,True,True,True,False,True,125.221834
LA00180,32.3220823,-93.670212,WALLACE DAM,6486,dam_study,True,True,True,True,False,True,126.77789
GA00824S003,34.149098,-84.053916,BUFORD DAM - SADDLE DIKE 3,5156,dam_study,True,True,True,True,False,True,129.599045
TX00003,32.65374626,-97.45563026,BENBROOK DAM,1089,dam_study,True,False,True,True,True,True,131.30678
CA10101,37.36833864,-120.2280138,BEAR DAM,6488,dam_study,True,True,True,False,False,False,131.568478
TX04359,33.853329,-95.548332,PAT MAYSE DAM,2802,dam_study,True,False,True,True,True,True,132.969687
AZ10004S001,33.288462,-111.260127,WHITLOW RANCH DAM - SADDLE DIKE 1,4426,dam_study,True,False,False,False,False,False,134.107278
TX00007,33.03239063,-96.46857676,LAVON DAM,1088,dam_study,True,False,True,True,True,True,135.784944
TX00011,31.06445615,-94.09252964,SAM RAYBURN DAM,1092,dam_study,True,False,True,True,True,True,141.28469
AR00150,34.57300841,-93.19501188,BLAKELY MOUNTAIN DAM,117,dam_study,True,False,True,False,False,True,141.651994
OK10300,34.01043371,-95.38156891,HUGO DAM,1489,dam_study,True,False,True,True,True,True,141.810924
AR00159,36.24957169,-92.23825713,NORFORK DAM,1017,dam_study,True,False,True,True,False,True,142.673294
PA00004,40.4338978,-78.00693101,RAYSTOWN DAM,2806,dam_study,True,False,True,True,True,True,142.830938
MN00582S001,46.658,-94.1456,PINE RIVER DAM - DIKES 13 AND 14,5266,dam_study,True,False,False,False,False,False,147.738446
IA00012,41.72447816,-91.52977521,CORALVILLE DAM,984,dam_study,True,False,True,False,True,True,151.264905
MD00069,39.43224146,-79.12241495,JENNINGS RANDOLPH DAM,5164,dam_study,True,True,True,True,False,True,152.166109
OK10307,34.14616058,-94.68535924,BROKEN BOW DAM,1094,dam_study,True,False,True,True,True,True,154.706119
TX00010,31.96919634,-98.48558065,PROCTOR DAM,388,dam_study,True,False,True,True,True,True,155.720791
TX08005,30.70147678,-97.32983876,GRANGER DAM,1550,dam_study,True,False,True,True,True,True,157.383612
TX08006,30.66726958,-97.72553489,NORTH SAN GABRIEL DAM,1153,dam_study,True,False,True,True,True,True,159.025742
TX08008,33.35322194,-97.05539702,RAY ROBERTS DAM,5175,dam_study,True,True,True,True,False,True,160.55957
AZ10002,33.071998,-113.016526,PAINTED ROCK DAM,6468,dam_study,True,True,True,True,False,True,162.522605
SD01094S001,42.850686,-97.461517,GAVINS POINT DAM - YANKTON DAM,5161,dam_study,True,False,False,False,False,False,163.547929
TX00013,30.32040153,-96.52409137,SOMERVILLE DAM,4386,dam_study,True,True,True,True,False,True,164.066713
GA00824,34.16032625,-84.07387528,BUFORD DAM,5156,dam_study,True,True,True,True,False,True,166.000874
KY03001,37.021671,-88.220001,BARKLEY LOCK AND DAM,1095,dam_study,True,False,True,True,True,True,168.794581
TX00005,32.96985908,-97.05621136,GRAPEVINE DAM,1466,dam_study,True,False,True,True,True,True,169.070104
IL00001,41.503201,-88.102898,BRANDON ROAD LOCK AND DAM,6187,dam_study,True,True,False,False,False,False,172.804931
TX00016,31.59189131,-97.21143043,WACO DAM,283,dam_study,True,False,True,False,True,True,177.375342
TX08004,31.89824608,-97.20519598,AQUILLA DAM,1496,dam_study,True,False,True,True,True,True,182.687113
AZ10004,33.299451,-111.275653,WHITLOW RANCH DAM,4426,dam_study,True,True,True,True,False,True,185.729479
AR00151S002,34.178329,-93.099998,DEGRAY REREGULATING DAM,1075,dam_study,True,False,True,True,True,True,186.075238
KS00005,38.61941732,-97.96874986,KANOPOLIS DAM,6210,dam_study,True,True,True,True,False,True,192.251045
TX00020,32.7499904,-94.50439743,FERRELLS BRIDGE DAM,2820,dam_study,True,False,True,True,True,True,200.179498
TX00021,33.31279176,-94.16142485,WRIGHT PATMAN DAM,995,dam_study,True,False,True,True,True,True,201.608047
NM00006,35.40269945,-104.190496,CONCHAS DAM,5465,dam_study,True,True,True,True,False,True,206.716864
TX00017,31.86764781,-97.37049823,WHITNEY DAM,322,dam_study,True,False,True,True,True,True,209.599958
NM00004,33.29893513,-104.7246072,TWO RIVERS DIAMOND A DAM,6671,dam_study,True,True,True,True,False,False,218.332418
TX00012,31.48432569,-100.4818983,O.C. FISHER DAM,5172,dam_study,True,True,True,True,False,True,218.831944
TX00015,30.79991645,-94.1730835,TOWN BLUFF DAM,6566,dam_study,True,True,True,True,False,True,219.82117
SD01092,44.04169717,-99.44452825,BIG BEND DAM,5155,dam_study,True,True,True,True,False,True,229.37756
CA10105,39.24000554,-121.2692846,HARRY L. ENGLEBRIGHT DAM,5162,dam_study,True,True,True,True,False,True,238.624731
KS00049,37.26875708,-95.46792129,BIG HILL DAM,5468,dam_study,True,True,True,True,False,True,242.492355
IN03017,39.43930553,-85.00036796,BROOKVILLE DAM,7427,dam_study,True,True,True,True,False,True,252.992505
AR01201S003,34.098331,-94.381668,DEQUEEN DAM - SADDLE DIKE E,2799,dam_study,True,False,False,False,False,False,280.483197
AR01201S002,34.098331,-94.381668,DEQUEEN DAM - SADDLE DIKE C,2798,dam_study,True,False,False,False,False,False,284.684141
AR01200,34.2109288,-94.22830652,GILLHAM DAM,2800,dam_study,True,False,True,True,False,True,287.989182
OH00015S001,40.46171,-83.07738,DELAWARE DAM - WALDO LEVEE,5451,dam_study,True,True,True,True,False,False,288.327907
AR00160,36.36598692,-92.57523109,BULL SHOALS DAM,1016,dam_study,True,False,True,True,True,True,290.350621
AR01201S001,34.098331,-94.381668,DEQUEEN DAM - SADDLE DIKE A,2797,dam_study,True,False,False,False,False,False,301.928416
OR00003,44.75098351,-122.2830158,BIG CLIFF DAM,6467,dam_study,True,True,True,True,False,True,303.402957
AR01201,34.09818619,-94.38177957,DEQUEEN DAM,2796,dam_study,True,False,True,True,True,True,317.157201
TX00002,31.10851643,-97.47267685,BELTON DAM,988,dam_study,True,False,True,True,True,True,327.054721
NE01066,40.06876185,-99.21125081,HARLAN COUNTY DAM,5459,dam_study,True,True,True,True,False,True,327.268624
MO82201,39.52441307,-91.64385015,CLARENCE CANNON DAM,1037,dam_study,True,False,True,True,True,True,333.1381
CA10018,33.8964828,-117.8858701,FULLERTON DAM,5466,dam_study,True,True,True,True,False,False,345.343008
ID00287,46.51554363,-116.2963881,DWORSHAK DAM,403,dam_study,True,False,True,True,True,True,355.339663
PA00104,41.55892049,-78.59374315,EAST BRANCH DAM,383,dam_study,True,False,True,True,True,True,388.396317
AR00151S001,34.21924024,-93.09568082,DEGRAY DAM - SADDLE DIKE,1138,dam_study,True,False,True,False,False,False,415.410399
KS82201,38.6536321,-94.90506955,HILLSDALE DAM,5666,dam_study,True,True,True,True,False,True,417.291962
TX00019,29.77066115,-95.6465813,BARKER DAM,7328,dam_study,True,False,False,False,False,True,420.697494
OK10317,33.83022122,-96.57086832,DENISON DAM,964,dam_study,True,False,True,True,True,True,426.72609
IA00013,41.3696803,-92.98057992,RED ROCK DAM,1042,dam_study,True,False,True,True,True,True,429.223864
SD01093,43.06110325,-98.56016797,FORT RANDALL DAM,2811,dam_study,True,False,True,True,True,True,438.867087
AR00151,34.21433745,-93.11075068,DEGRAY DAM,1074,dam_study,True,False,True,True,True,True,442.800254
MT00025,48.00222808,-106.4179871,FORT PECK DAM,7988,dam_study,True,True,True,True,False,True,445.376529
ID00288,43.527969,-116.0537,LUCKY PEAK DAM,5463,dam_study,True,True,True,True,False,True,445.400285
TX00018,29.79062352,-95.62509149,ADDICKS DAM,7327,dam_study,True,False,True,False,False,True,459.073991
MO30202,36.59596719,-93.31081282,TABLE ROCK DAM,99,dam_study,True,False,True,True,True,True,469.180022
SD01094,42.84982324,-97.48217862,GAVINS POINT DAM,7989,dam_study,True,False,True,True,True,True,492.26548
MS82201S001,34.367828,-88.409899,JOHN RANKIN LOCK AND DAM - WEST EMBANKMENT,6767,dam_study,True,True,False,False,False,False,526.517654
MS82201,34.36313926,-88.40728005,JOHN RANKIN LOCK AND DAM,6767,dam_study,True,True,False,False,False,False,529.349943
CA10023,34.15730035,-117.6770708,SAN ANTONIO DAM,6407,dam_study,True,True,True,True,False,True,535.322784
MO82202,38.92364173,-94.46769911,LONGVIEW DAM,5168,dam_study,True,True,True,True,False,True,539.960887
CA10111,37.31464401,-120.1863439,OWENS DAM,4204,dam_study,True,False,True,False,False,False,543.944286
CA10107,37.2911793,-120.1478923,MARIPOSA DAM,4205,dam_study,True,False,False,False,False,False,562.191825
AZ10002S001,33.064957,-113.021524,PAINTED ROCK DAM - SADDLE DIKE 1,6468,dam_study,True,False,False,False,False,False,572.344071
WA00298,47.27820617,-121.7865479,HOWARD A. HANSON DAM,6346,dam_study,True,True,True,True,False,True,618.465527
CA10303,38.71842373,-123.0096199,WARM SPRINGS DAM,6807,dam_study,True,True,True,True,False,True,668.938282
AR00173S002,35.47544253,-92.08943848,Greers Ferry Dam - Saddle Dike 2,5467,dam_study,True,True,True,False,False,False,697.604892
TX00014,31.02244705,-97.53110592,STILLHOUSE HOLLOW DAM,4295,dam_study,True,False,False,False,True,True,703.98938
AR00173S001,35.525002,-92.0,GREERS FERRY DAM - SADDLE DIKE 1,5467,dam_study,True,True,True,False,False,False,723.53982
AR00173,35.52118329,-91.99423151,GREERS FERRY DAM,5467,dam_study,True,True,True,True,False,True,761.262388
NY01055,42.341032,-75.969786,WHITNEY POINT DAM,6426,dam_study,True,True,True,True,False,True,829.002758
NC00173S004,35.66866878,-79.01573149,B. EVERETT JORDAN DAM -  SADDLE DIKE 4,1502,dam_study,True,False,False,False,False,False,836.159212
NC00173S001,35.67033609,-79.0466477,B. EVERETT JORDAN DAM -  SADDLE DIKE 1,1502,dam_study,True,False,False,False,False,False,839.266466
NC00173S003,35.67116251,-79.02079713,B. EVERETT JORDAN DAM -  SADDLE DIKE 3,1502,dam_study,True,False,False,False,False,False,841.512296
NC00173S002,35.67476916,-79.02716694,B. EVERETT JORDAN DAM -  SADDLE DIKE 2,1502,dam_study,True,False,False,False,False,False,843.918062
CO01279,39.54415615,-105.0339458,SPRING GULCH DAM,4628,dam_study,True,True,True,True,False,False,876.978177
CO00004,39.65374485,-105.1374038,BEAR CREEK DAM,6206,dam_study,True,True,True,True,False,True,903.830558
ND00145,47.49862646,-101.4128138,GARRISON DAM,7987,dam_study,True,False,True,True,True,True,992.856941
NY01211,42.330719,-75.229083,EAST SIDNEY DAM,6427,dam_study,True,True,True,True,False,True,1086.249745
MS03059S001,34.073623,-88.073623,GLOVER WILKINS LOCK AND DAM - SPILLWAY,6189,dam_study,True,True,False,False,False,False,1269.730619
MS03059,34.06490948,-88.42558987,GLOVER WILKINS LOCK AND DAM,6189,dam_study,True,True,False,False,False,False,1272.147645
OH00029,39.26031139,-84.4956781,WEST FORK OF MILL CREEK DAM,5667,dam_study,True,True,True,True,False,True,1348.455659
SD01095,44.45150605,-100.4010307,OAHE DAM,6929,dam_study,True,True,True,True,False,True,1497.609546
OH00031,41.299999,-80.758331,MOSQUITO CREEK DAM,6367,dam_study,True,True,True,True,False,True,1698.766387
MN00574,46.21714143,-96.17923556,ORWELL DAM,6188,dam_study,True,True,True,True,False,True,1710.224575
IL00117,38.03732761,-88.96167853,REND DAM,6106,dam_study,True,True,True,True,False,True,2224.975334
OK10318,36.54905474,-99.56057072,FORT SUPPLY DAM,4203,dam_study,True,False,True,True,True,True,2663.551835
MS01494,33.82162942,-89.77239369,GRENADA DAM,5646,dam_study,True,True,True,True,False,True,2757.938278
CA10244,37.11066163,-119.88458,HIDDEN DAM,5887,dam_study,True,True,True,True,False,True,3314.637779
CA10019,34.26098103,-118.3867591,HANSEN DAM,1503,dam_study,True,False,True,True,False,False,4026.624519
CA10103,37.37687394,-120.2754323,BURNS DAM,6487,dam_study,True,True,True,False,False,False,4510.146133
